column_name,category,dtype,example_values,min,max,mean,std,unique_count,missing_count,missing_pct,inf_count,inf_pct,ml_usability,reasoning
R1-PA1:VH,Physical electrical measurement,float64,"[70.3993, 73.6881, 73.7339]",-179.989,179.9947,-15.8024,100.8768,43429,0,0.0,0,0.0,True,Three-phase voltage phasor magnitude (Volts RMS). Essential bus electrical state variable.
R1-PM1:V,Physical electrical measurement,float64,"[127673.0908, 130280.7109, 130305.7842]",0.0,151592.9904,130764.0396,8546.1185,2194,0,0.0,0,0.0,True,Three-phase voltage phasor magnitude (Volts RMS). Essential bus electrical state variable.
R1-PA2:VH,Physical electrical measurement,float64,"[-49.5723, -46.3007, -46.2549]",-179.9947,179.9947,2.1752,111.7432,43520,0,0.0,0,0.0,True,Three-phase voltage phasor magnitude (Volts RMS). Essential bus electrical state variable.
R1-PM2:V,Physical electrical measurement,float64,"[127648.0176, 130255.6377, 130280.7109]",0.0,151567.9172,131035.5281,5393.1354,1532,0,0.0,0,0.0,True,Three-phase voltage phasor magnitude (Volts RMS). Essential bus electrical state variable.
R1-PA3:VH,Physical electrical measurement,float64,"[-169.5783, -166.2781, -166.2322]",-179.9947,179.989,6.8343,97.0651,43434,0,0.0,0,0.0,True,Three-phase voltage phasor magnitude (Volts RMS). Essential bus electrical state variable.
R1-PM3:V,Physical electrical measurement,float64,"[127723.2374, 130355.9307, 130381.004]",0.0,151693.2835,131395.7176,5443.7524,1566,0,0.0,0,0.0,True,Three-phase voltage phasor magnitude (Volts RMS). Essential bus electrical state variable.
R1-PA4:IH,Physical electrical measurement,float64,"[65.6896, 71.8317, 71.8088]",-179.9947,179.9947,-14.335,99.6011,42704,0,0.0,0,0.0,True,Three-phase current phasor magnitude (Amperes RMS). Direct physical indicator of line loading and fault current.
R1-PM4:I,Physical electrical measurement,float64,"[605.911, 483.5935, 482.8611]",0.0,1779.463,393.9493,190.966,4987,0,0.0,0,0.0,True,Three-phase current phasor magnitude (Amperes RMS). Direct physical indicator of line loading and fault current.
R1-PA5:IH,Physical electrical measurement,float64,"[-57.0036, -50.9474, -50.913]",-179.9947,179.9947,3.5385,109.505,42535,0,0.0,0,0.0,True,Three-phase current phasor magnitude (Amperes RMS). Direct physical indicator of line loading and fault current.
R1-PM5:I,Physical electrical measurement,float64,"[626.7855, 500.989, 499.1579]",0.0,1265.6563,387.4381,151.2772,4416,0,0.0,0,0.0,True,Three-phase current phasor magnitude (Amperes RMS). Direct physical indicator of line loading and fault current.
R1-PA6:IH,Physical electrical measurement,float64,"[-173.589, -167.487, -167.4412]",-179.9947,179.9947,6.1298,95.2949,42847,0,0.0,0,0.0,True,Three-phase current phasor magnitude (Amperes RMS). Direct physical indicator of line loading and fault current.
R1-PM6:I,Physical electrical measurement,float64,"[602.4319, 481.3962, 481.03]",0.0,1263.459,381.9128,153.3265,4511,0,0.0,0,0.0,True,Three-phase current phasor magnitude (Amperes RMS). Direct physical indicator of line loading and fault current.
R1-PA7:VH,Physical electrical measurement,float64,"[70.4222, 73.7053, 73.7511]",-179.9947,179.989,-15.7988,100.8771,43335,0,0.0,0,0.0,True,Three-phase voltage phasor magnitude (Volts RMS). Essential bus electrical state variable.
R1-PM7:V,Physical electrical measurement,float64,"[127673.0908, 130305.7842, 130330.8575]",0.0,151618.0637,131056.98,6152.3797,1909,0,0.0,0,0.0,True,Three-phase voltage phasor magnitude (Volts RMS). Essential bus electrical state variable.
R1-PA8:VH,Physical electrical measurement,float64,"[0.0, 35.3228, -16.6845]",-179.5019,179.9775,0.2079,13.0759,1172,0,0.0,0,0.0,True,Three-phase voltage phasor magnitude (Volts RMS). Essential bus electrical state variable.
R1-PM8:V,Physical electrical measurement,float64,"[0.0, 15821.2334, 16899.384]",0.0,46987.308,297.0836,2687.6172,719,0,0.0,0,0.0,True,Three-phase voltage phasor magnitude (Volts RMS). Essential bus electrical state variable.
R1-PA9:VH,Physical electrical measurement,float64,"[0.0, 30.2293, -19.8587]",-179.903,179.4676,0.2276,12.4886,1085,0,0.0,0,0.0,True,Three-phase voltage phasor magnitude (Volts RMS). Essential bus electrical state variable.
R1-PM9:V,Physical electrical measurement,float64,"[0.0, 1654.8358, 1930.6418]",0.0,17501.1425,87.397,897.5414,457,0,0.0,0,0.0,True,Three-phase voltage phasor magnitude (Volts RMS). Essential bus electrical state variable.
R1-PA10:IH,Physical electrical measurement,float64,"[65.0078, 71.1098, 71.1327]",-179.9947,179.989,-14.5043,99.605,42722,0,0.0,0,0.0,True,Three-phase current phasor magnitude (Amperes RMS). Direct physical indicator of line loading and fault current.
R1-PM10:I,Physical electrical measurement,float64,"[611.5874, 488.3544, 487.6219]",0.0,1263.459,386.5572,154.4844,4530,0,0.0,0,0.0,True,Three-phase current phasor magnitude (Amperes RMS). Direct physical indicator of line loading and fault current.
R1-PA11:IH,Physical electrical measurement,float64,"[118.5679, 125.7929, 125.0079]",-179.9947,179.989,-1.7349,68.3833,27652,0,0.0,0,0.0,True,Three-phase current phasor magnitude (Amperes RMS). Direct physical indicator of line loading and fault current.
R1-PM11:I,Physical electrical measurement,float64,"[13.1839, 10.6204, 9.7048]",0.0,611.4043,9.98,47.2418,1230,0,0.0,0,0.0,True,Three-phase current phasor magnitude (Amperes RMS). Direct physical indicator of line loading and fault current.
R1-PA12:IH,Physical electrical measurement,float64,"[-100.8692, -95.8845, -94.5208]",-179.989,179.989,6.1234,73.0592,27931,0,0.0,0,0.0,True,Three-phase current phasor magnitude (Amperes RMS). Direct physical indicator of line loading and fault current.
R1-PM12:I,Physical electrical measurement,float64,"[13.9164, 11.3528, 10.4373]",0.0,723.4676,9.4942,47.8756,1352,0,0.0,0,0.0,True,Three-phase current phasor magnitude (Amperes RMS). Direct physical indicator of line loading and fault current.
R1:F,Physical electrical measurement,float64,"[59.999, 60.005, 60.003]",0.0,66.035,59.9928,0.61,411,0,0.0,0,0.0,True,System electrical frequency (Hz) or ROCOF (Hz/s). Fundamental power system state variable governed by generator-load balance.
R1:DF,Physical electrical measurement,float64,"[0.01, 0.0, 1.34]",-4.01,3.72,0.0005,0.0878,260,0,0.0,0,0.0,True,System electrical frequency (Hz) or ROCOF (Hz/s). Fundamental power system state variable governed by generator-load balance.
R1-PA:Z,Physical electrical measurement,float64,"[6.3914, 8.1855, 8.19]",0.1852,1306.2466,10.9927,12.7981,75487,0,0.0,2877,3.671,False,Calculated apparent impedance magnitude (V/I). Contains infinite values (inf) when current drops to zero during breaker trip. Raw V and I magnitudes are preferable.
R1-PA:ZH,Physical electrical measurement,float64,"[0.0763, 0.0249, 0.0279]",-3.1406,3.1259,0.0184,0.2428,75485,0,0.0,0,0.0,False,Calculated apparent impedance magnitude (V/I). Contains infinite values (inf) when current drops to zero during breaker trip. Raw V and I magnitudes are preferable.
R1:S,System state,int64,"[0, 2048, 2058]",0.0,272394.0,788.8687,14048.4485,7,0,0.0,0,0.0,False,"Digital relay Status word / bitmask (breaker open/close state, trip status). Discrete system state; discrete jumps and occasional data acquisition corruption (e.g. data4)."
R2-PA1:VH,Physical electrical measurement,float64,"[60.6583, 66.069, 66.113]",-179.9947,179.9973,-15.2165,101.8376,55623,0,0.0,0,0.0,True,Three-phase voltage phasor magnitude (Volts RMS). Essential bus electrical state variable.
R2-PM1:V,Physical electrical measurement,float64,"[124631.8125, 128277.4297, 128283.9453]",0.0,145336.6563,127033.3899,16155.7672,27634,0,0.0,0,0.0,True,Three-phase voltage phasor magnitude (Volts RMS). Essential bus electrical state variable.
R2-PA2:VH,Physical electrical measurement,float64,"[-59.296, -53.8852, -53.8522]",-179.9973,179.9947,4.7511,111.0432,55780,0,0.0,0,0.0,True,Three-phase voltage phasor magnitude (Volts RMS). Essential bus electrical state variable.
R2-PM2:V,Physical electrical measurement,float64,"[124484.3594, 128126.3047, 128144.4688]",0.0,145167.7969,128015.428,12106.8762,27226,0,0.0,0,0.0,True,Three-phase voltage phasor magnitude (Volts RMS). Essential bus electrical state variable.
R2-PA3:VH,Physical electrical measurement,float64,"[-179.3381, -173.9328, -173.8834]",-179.9947,179.9973,5.5104,96.2701,55694,0,0.0,0,0.0,True,Three-phase voltage phasor magnitude (Volts RMS). Essential bus electrical state variable.
R2-PM3:V,Physical electrical measurement,float64,"[124715.0703, 128354.7578, 128382.9609]",0.0,155526.7813,128362.2462,11990.8638,27299,0,0.0,0,0.0,True,Three-phase voltage phasor magnitude (Volts RMS). Essential bus electrical state variable.
R2-PA4:IH,Physical electrical measurement,float64,"[-119.5505, -114.9252, -114.9197]",-179.9973,179.9973,15.8364,99.8761,54821,0,0.0,0,0.0,True,Three-phase current phasor magnitude (Amperes RMS). Direct physical indicator of line loading and fault current.
R2-PM4:I,Physical electrical measurement,float64,"[612.7968, 489.3494, 488.8859]",0.0,1416.7221,395.1095,171.7657,25764,0,0.0,0,0.0,True,Three-phase current phasor magnitude (Amperes RMS). Direct physical indicator of line loading and fault current.
R2-PA5:IH,Physical electrical measurement,float64,"[117.7268, 122.1487, 122.2147]",-179.9947,179.9973,-6.9616,94.9961,54606,0,0.0,0,0.0,True,Three-phase current phasor magnitude (Amperes RMS). Direct physical indicator of line loading and fault current.
R2-PM5:I,Physical electrical measurement,float64,"[632.5321, 505.7545, 505.5313]",0.0,1275.9105,392.5088,152.3578,24988,0,0.0,0,0.0,True,Three-phase current phasor magnitude (Amperes RMS). Direct physical indicator of line loading and fault current.
R2-PA6:IH,Physical electrical measurement,float64,"[0.8597, 5.4684, 5.463]",-179.9947,179.9863,-6.4371,108.8963,54910,0,0.0,0,0.0,True,Three-phase current phasor magnitude (Amperes RMS). Direct physical indicator of line loading and fault current.
R2-PM6:I,Physical electrical measurement,float64,"[610.1417, 487.3352, 487.627]",0.0,1272.9807,387.1351,154.5482,25528,0,0.0,0,0.0,True,Three-phase current phasor magnitude (Amperes RMS). Direct physical indicator of line loading and fault current.
R2-PA7:VH,Physical electrical measurement,float64,"[60.6802, 66.0855, 66.1295]",-179.9973,179.9947,-15.2239,101.8674,55637,0,0.0,0,0.0,True,Three-phase voltage phasor magnitude (Volts RMS). Essential bus electrical state variable.
R2-PM7:V,Physical electrical measurement,float64,"[124611.9844, 128251.625, 128269.5938]",0.0,145313.9375,127795.5881,12691.3756,27538,0,0.0,0,0.0,True,Three-phase voltage phasor magnitude (Volts RMS). Essential bus electrical state variable.
R2-PA8:VH,Physical electrical measurement,float64,"[0.0, 34.2691, -17.7621]",-179.6968,179.1513,0.2187,13.1092,1233,0,0.0,0,0.0,True,Three-phase voltage phasor magnitude (Volts RMS). Essential bus electrical state variable.
R2-PM8:V,Physical electrical measurement,float64,"[0.0, 28983.2266, 30918.375]",0.0,38813.422,399.1075,3357.4729,979,0,0.0,0,0.0,True,Three-phase voltage phasor magnitude (Volts RMS). Essential bus electrical state variable.
R2-PA9:VH,Physical electrical measurement,float64,"[0.0, 16.0318, -34.6481]",-179.5194,179.9808,0.192,12.4002,1147,0,0.0,0,0.0,True,Three-phase voltage phasor magnitude (Volts RMS). Essential bus electrical state variable.
R2-PM9:V,Physical electrical measurement,float64,"[0.0, 17957.3066, 21021.1914]",0.0,52929.673,411.2927,3661.4511,1031,0,0.0,0,0.0,True,Three-phase voltage phasor magnitude (Volts RMS). Essential bus electrical state variable.
R2-PA10:IH,Physical electrical measurement,float64,"[-120.3415, -115.7877, -115.7657]",-179.9973,179.9973,15.8405,99.8572,54742,0,0.0,0,0.0,True,Three-phase current phasor magnitude (Amperes RMS). Direct physical indicator of line loading and fault current.
R2-PM10:I,Physical electrical measurement,float64,"[618.3014, 493.9785, 493.8526]",0.0,1274.2625,389.5724,152.3011,25309,0,0.0,0,0.0,True,Three-phase current phasor magnitude (Amperes RMS). Direct physical indicator of line loading and fault current.
R2-PA11:IH,Physical electrical measurement,float64,"[-64.053, -59.6695, -58.6533]",-179.9947,179.966,2.5848,74.3351,31556,0,0.0,0,0.0,True,Three-phase current phasor magnitude (Amperes RMS). Direct physical indicator of line loading and fault current.
R2-PM11:I,Physical electrical measurement,float64,"[12.7659, 10.7975, 10.397]",0.0,594.3751,10.0566,48.2021,4656,0,0.0,0,0.0,True,Three-phase current phasor magnitude (Amperes RMS). Direct physical indicator of line loading and fault current.
R2-PA12:IH,Physical electrical measurement,float64,"[69.3979, 72.4246, 72.1774]",-179.9973,179.9753,-4.5349,70.1609,31689,0,0.0,0,0.0,True,Three-phase current phasor magnitude (Amperes RMS). Direct physical indicator of line loading and fault current.
R2-PM12:I,Physical electrical measurement,float64,"[12.8288, 10.8089, 10.7689]",0.0,672.9292,8.3793,37.7331,4532,0,0.0,0,0.0,True,Three-phase current phasor magnitude (Amperes RMS). Direct physical indicator of line loading and fault current.
R2:F,Physical electrical measurement,float64,"[59.999, 60.005, 60.001]",0.0,89.539,59.9931,0.65,631,0,0.0,0,0.0,True,System electrical frequency (Hz) or ROCOF (Hz/s). Fundamental power system state variable governed by generator-load balance.
R2:DF,Physical electrical measurement,float64,"[0.02, 0.0, 1.37]",-3.51,4.93,0.0005,0.0996,462,0,0.0,0,0.0,True,System electrical frequency (Hz) or ROCOF (Hz/s). Fundamental power system state variable governed by generator-load balance.
R2-PA:Z,Physical electrical measurement,float64,"[6.1301, 7.9249, 7.9317]",0.0,2291.4649,10.7815,13.6061,75758,0,0.0,2607,3.326,False,Calculated apparent impedance magnitude (V/I). Contains infinite values (inf) when current drops to zero during breaker trip. Raw V and I magnitudes are preferable.
R2-PA:ZH,Physical electrical measurement,float64,"[3.1351, -3.1367, -3.1364]",-3.1416,3.1416,-2.1584,2.0558,75758,0,0.0,0,0.0,False,Calculated apparent impedance magnitude (V/I). Contains infinite values (inf) when current drops to zero during breaker trip. Raw V and I magnitudes are preferable.
R2:S,System state,int64,"[0, 270336]",0.0,270336.0,731.2251,14040.8084,2,0,0.0,0,0.0,False,"Digital relay Status word / bitmask (breaker open/close state, trip status). Discrete system state; discrete jumps and occasional data acquisition corruption (e.g. data4)."
R3-PA1:VH,Physical electrical measurement,float64,"[60.6648, 66.062, 66.1193]",-179.9947,179.9947,-15.2195,101.8351,43037,0,0.0,0,0.0,True,Three-phase voltage phasor magnitude (Volts RMS). Essential bus electrical state variable.
R3-PM1:V,Physical electrical measurement,float64,"[124187.9063, 127823.5305, 128124.4097]",0.0,324498.2603,126857.3777,16141.5073,2506,0,0.0,0,0.0,True,Three-phase voltage phasor magnitude (Volts RMS). Essential bus electrical state variable.
R3-PA2:VH,Physical electrical measurement,float64,"[-59.3126, -53.9096, -53.8638]",-179.9947,179.9947,4.7498,111.0534,43130,0,0.0,0,0.0,True,Three-phase voltage phasor magnitude (Volts RMS). Essential bus electrical state variable.
R3-PM2:V,Physical electrical measurement,float64,"[124162.833, 127798.4572, 128099.3364]",0.0,324021.8682,127784.7262,12094.6103,1867,0,0.0,0,0.0,True,Three-phase voltage phasor magnitude (Volts RMS). Essential bus electrical state variable.
R3-PA3:VH,Physical electrical measurement,float64,"[-179.3014, -173.8927, -173.8526]",-179.9947,179.9947,5.5003,96.2765,43195,0,0.0,0,0.0,True,Three-phase voltage phasor magnitude (Volts RMS). Essential bus electrical state variable.
R3-PM3:V,Physical electrical measurement,float64,"[124212.9796, 127848.6037, 127873.677]",0.0,324899.4327,128187.9881,11985.7188,1881,0,0.0,0,0.0,True,Three-phase voltage phasor magnitude (Volts RMS). Essential bus electrical state variable.
R3-PA4:IH,Physical electrical measurement,float64,"[-119.7539, -115.1244, -115.1072]",-179.9947,179.9947,15.5741,99.9596,42918,0,0.0,0,0.0,True,Three-phase current phasor magnitude (Amperes RMS). Direct physical indicator of line loading and fault current.
R3-PM4:I,Physical electrical measurement,float64,"[610.1225, 487.0726, 487.4388]",0.0,12000.1138,391.9406,175.4621,4893,0,0.0,0,0.0,True,Three-phase current phasor magnitude (Amperes RMS). Direct physical indicator of line loading and fault current.
R3-PA5:IH,Physical electrical measurement,float64,"[117.6855, 122.126, 122.1832]",-179.9947,179.9947,-6.891,95.1055,42844,0,0.0,0,0.0,True,Three-phase current phasor magnitude (Amperes RMS). Direct physical indicator of line loading and fault current.
R3-PM5:I,Physical electrical measurement,float64,"[628.2504, 502.0876, 500.8059]",0.0,12000.1138,389.0138,155.8589,4476,0,0.0,0,0.0,True,Three-phase current phasor magnitude (Amperes RMS). Direct physical indicator of line loading and fault current.
R3-PA6:IH,Physical electrical measurement,float64,"[0.6589, 5.2598, 5.2655]",-179.9947,179.9947,-6.4656,108.6788,42883,0,0.0,0,0.0,True,Three-phase current phasor magnitude (Amperes RMS). Direct physical indicator of line loading and fault current.
R3-PM6:I,Physical electrical measurement,float64,"[606.8265, 484.3259, 484.5091]",0.0,12000.1138,384.0374,158.003,4593,0,0.0,0,0.0,True,Three-phase current phasor magnitude (Amperes RMS). Direct physical indicator of line loading and fault current.
R3-PA7:VH,Physical electrical measurement,float64,"[60.6877, 66.0907, 66.1422]",-179.9947,179.9832,-15.2284,101.8629,43310,0,0.0,0,0.0,True,Three-phase voltage phasor magnitude (Volts RMS). Essential bus electrical state variable.
R3-PM7:V,Physical electrical measurement,float64,"[124187.9063, 127823.5305, 128124.4097]",0.0,144973.6471,127597.7885,12671.6479,2237,0,0.0,0,0.0,True,Three-phase voltage phasor magnitude (Volts RMS). Essential bus electrical state variable.
R3-PA8:VH,Physical electrical measurement,float64,"[0.0, 34.2056, -17.8247]",-179.7025,179.078,0.2192,13.1084,1225,0,0.0,0,0.0,True,Three-phase voltage phasor magnitude (Volts RMS). Essential bus electrical state variable.
R3-PM8:V,Physical electrical measurement,float64,"[0.0, 28859.3338, 30789.9756]",0.0,38813.422,398.1585,3349.9033,605,0,0.0,0,0.0,True,Three-phase voltage phasor magnitude (Volts RMS). Essential bus electrical state variable.
R3-PA9:VH,Physical electrical measurement,float64,"[0.0, 16.2147, -34.4863]",-179.8285,179.8572,0.1877,12.4246,1146,0,0.0,0,0.0,True,Three-phase voltage phasor magnitude (Volts RMS). Essential bus electrical state variable.
R3-PM9:V,Physical electrical measurement,float64,"[0.0, 17927.3881, 20961.2537]",0.0,324473.1871,414.9372,3835.2231,806,0,0.0,0,0.0,True,Three-phase voltage phasor magnitude (Volts RMS). Essential bus electrical state variable.
R3-PA10:IH,Physical electrical measurement,float64,"[-120.4873, -115.9323, -115.9036]",-179.9947,179.9947,15.6831,99.8814,42817,0,0.0,0,0.0,True,Three-phase current phasor magnitude (Amperes RMS). Direct physical indicator of line loading and fault current.
R3-PM10:I,Physical electrical measurement,float64,"[614.8834, 491.101, 490.9179]",0.0,1277.9247,386.3748,150.7417,4499,0,0.0,0,0.0,True,Three-phase current phasor magnitude (Amperes RMS). Direct physical indicator of line loading and fault current.
R3-PA11:IH,Physical electrical measurement,float64,"[-64.813, -60.172, -60.6075]",-179.9947,179.989,2.3904,74.0237,27384,0,0.0,0,0.0,True,Three-phase current phasor magnitude (Amperes RMS). Direct physical indicator of line loading and fault current.
R3-PM11:I,Physical electrical measurement,float64,"[12.0853, 10.2542, 9.1555]",0.0,590.1635,9.7969,47.0354,1318,0,0.0,0,0.0,True,Three-phase current phasor magnitude (Amperes RMS). Direct physical indicator of line loading and fault current.
R3-PA12:IH,Physical electrical measurement,float64,"[70.3879, 73.5334, 74.0204]",-179.9947,179.989,-4.4709,70.106,27350,0,0.0,0,0.0,True,Three-phase current phasor magnitude (Amperes RMS). Direct physical indicator of line loading and fault current.
R3-PM12:I,Physical electrical measurement,float64,"[11.9022, 10.071, 9.7048]",0.0,12000.1138,8.1945,55.7327,1294,0,0.0,0,0.0,True,Three-phase current phasor magnitude (Amperes RMS). Direct physical indicator of line loading and fault current.
R3:F,Physical electrical measurement,float64,"[59.999, 60.005, 60.007]",0.0,89.55,59.993,0.65,487,0,0.0,0,0.0,True,System electrical frequency (Hz) or ROCOF (Hz/s). Fundamental power system state variable governed by generator-load balance.
R3:DF,Physical electrical measurement,float64,"[0.02, 0.0, 1.37]",-3.54,5.12,0.0003,0.1009,308,0,0.0,0,0.0,True,System electrical frequency (Hz) or ROCOF (Hz/s). Fundamental power system state variable governed by generator-load balance.
R3-PA:Z,Physical electrical measurement,float64,"[6.1114, 7.8984, 7.8817]",0.0,1629.989,10.9262,14.7097,75725,0,0.0,2633,3.359,False,Calculated apparent impedance magnitude (V/I). Contains infinite values (inf) when current drops to zero during breaker trip. Raw V and I magnitudes are preferable.
R3-PA:ZH,Physical electrical measurement,float64,"[3.1405, -3.1311, -3.1296]",-3.1416,3.1416,-2.2097,1.9995,75719,0,0.0,0,0.0,False,Calculated apparent impedance magnitude (V/I). Contains infinite values (inf) when current drops to zero during breaker trip. Raw V and I magnitudes are preferable.
R3:S,System state,int64,"[0, 2048, 2056]",0.0,272384.0,759.0053,14043.3727,5,0,0.0,0,0.0,False,"Digital relay Status word / bitmask (breaker open/close state, trip status). Discrete system state; discrete jumps and occasional data acquisition corruption (e.g. data4)."
R4-PA1:VH,Physical electrical measurement,float64,"[70.4509, 73.7454, 73.7855]",-179.9973,179.989,-15.5851,100.881,56525,0,0.0,0,0.0,True,Three-phase voltage phasor magnitude (Volts RMS). Essential bus electrical state variable.
R4-PM1:V,Physical electrical measurement,float64,"[127723.2374, 130330.8575, 130355.9307]",-174.3419,151899.9219,131117.4536,7984.8855,34786,0,0.0,0,0.0,True,Three-phase voltage phasor magnitude (Volts RMS). Essential bus electrical state variable.
R4-PA2:VH,Physical electrical measurement,float64,"[-49.5379, -46.2492, -46.1976]",-179.9973,179.9973,2.279,111.8286,56505,0,0.0,0,0.0,True,Three-phase voltage phasor magnitude (Volts RMS). Essential bus electrical state variable.
R4-PM2:V,Physical electrical measurement,float64,"[127096.4056, 129704.0257, 129729.099]",-169.9846,151749.6875,131355.2127,4733.9014,34560,0,0.0,0,0.0,True,Three-phase voltage phasor magnitude (Volts RMS). Essential bus electrical state variable.
R4-PA3:VH,Physical electrical measurement,float64,"[-169.5325, -166.2322, -166.1921]",-179.9947,179.9947,7.0658,97.086,56356,0,0.0,0,0.0,True,Three-phase voltage phasor magnitude (Volts RMS). Essential bus electrical state variable.
R4-PM3:V,Physical electrical measurement,float64,"[127773.3839, 130381.004, 130681.8832]",-178.8754,151924.0625,131745.0745,4777.6482,34581,0,0.0,0,0.0,True,Three-phase voltage phasor magnitude (Volts RMS). Essential bus electrical state variable.
R4-PA4:IH,Physical electrical measurement,float64,"[65.6438, 71.8374, 71.8661]",-179.9973,179.989,-13.9317,99.6533,55375,0,0.0,0,0.0,True,Three-phase current phasor magnitude (Amperes RMS). Direct physical indicator of line loading and fault current.
R4-PM4:I,Physical electrical measurement,float64,"[604.4461, 481.7624, 481.3962]",-142.7906,1781.3243,391.3309,187.0941,34361,0,0.0,0,0.0,True,Three-phase current phasor magnitude (Amperes RMS). Direct physical indicator of line loading and fault current.
R4-PA5:IH,Physical electrical measurement,float64,"[-56.8718, -50.7927, -50.7812]",-179.9973,179.9918,3.446,109.5618,55339,0,0.0,0,0.0,True,Three-phase current phasor magnitude (Amperes RMS). Direct physical indicator of line loading and fault current.
R4-PM5:I,Physical electrical measurement,float64,"[621.8416, 496.045, 496.4112]",-165.6866,1266.2057,384.3998,148.8825,33268,0,0.0,0,0.0,True,Three-phase current phasor magnitude (Amperes RMS). Direct physical indicator of line loading and fault current.
R4-PA6:IH,Physical electrical measurement,float64,"[-173.8698, -167.6188, -167.5902]",-179.989,179.989,6.0964,95.4955,55441,0,0.0,0,0.0,True,Three-phase current phasor magnitude (Amperes RMS). Direct physical indicator of line loading and fault current.
R4-PM6:I,Physical electrical measurement,float64,"[599.8684, 477.734, 478.1002]",-155.4587,1262.7266,379.9527,150.9299,34245,0,0.0,0,0.0,True,Three-phase current phasor magnitude (Amperes RMS). Direct physical indicator of line loading and fault current.
R4-PA7:VH,Physical electrical measurement,float64,"[70.4623, 73.7569, 73.797]",-179.9973,179.9973,-15.5639,100.8823,56615,0,0.0,0,0.0,True,Three-phase voltage phasor magnitude (Volts RMS). Essential bus electrical state variable.
R4-PM7:V,Physical electrical measurement,float64,"[127522.6512, 130130.2713, 130155.3446]",-145.204,151859.3281,131397.9997,5536.5425,34711,0,0.0,0,0.0,True,Three-phase voltage phasor magnitude (Volts RMS). Essential bus electrical state variable.
R4-PA8:VH,Physical electrical measurement,float64,"[0.0, 44.6162, -10.7086]",-179.7197,179.9643,0.2571,13.15,1217,0,0.0,0,0.0,True,Three-phase voltage phasor magnitude (Volts RMS). Essential bus electrical state variable.
R4-PM8:V,Physical electrical measurement,float64,"[0.0, 35102.578, 36632.0475]",0.0,45946.3203,292.1126,2621.1558,1112,0,0.0,0,0.0,True,Three-phase voltage phasor magnitude (Volts RMS). Essential bus electrical state variable.
R4-PA9:VH,Physical electrical measurement,float64,"[0.0, 48.3404, -8.8465]",-179.6127,179.9149,0.2071,12.523,1112,0,0.0,0,0.0,True,Three-phase voltage phasor magnitude (Volts RMS). Essential bus electrical state variable.
R4-PM9:V,Physical electrical measurement,float64,"[0.0, 13915.6648, 14392.057]",0.0,17351.043,82.4393,850.697,946,0,0.0,0,0.0,True,Three-phase voltage phasor magnitude (Volts RMS). Essential bus electrical state variable.
R4-PA10:IH,Physical electrical measurement,float64,"[64.9505, 71.1213, 71.1442]",-179.9973,179.9973,-14.1446,99.6278,55396,0,0.0,0,0.0,True,Three-phase current phasor magnitude (Amperes RMS). Direct physical indicator of line loading and fault current.
R4-PM10:I,Physical electrical measurement,float64,"[608.4745, 485.0584, 485.2415]",0.0,1264.7408,384.036,151.747,34126,0,0.0,0,0.0,True,Three-phase current phasor magnitude (Amperes RMS). Direct physical indicator of line loading and fault current.
R4-PA11:IH,Physical electrical measurement,float64,"[119.3013, 124.2745, 125.2772]",-179.9973,179.9775,-1.8599,67.784,31541,0,0.0,0,0.0,True,Three-phase current phasor magnitude (Amperes RMS). Direct physical indicator of line loading and fault current.
R4-PM11:I,Physical electrical measurement,float64,"[12.2684, 10.2542, 9.3386]",0.0,610.0388,9.8346,47.5623,4758,0,0.0,0,0.0,True,Three-phase current phasor magnitude (Amperes RMS). Direct physical indicator of line loading and fault current.
R4-PA12:IH,Physical electrical measurement,float64,"[-102.061, -95.4548, -95.9704]",-179.9973,179.9775,5.989,72.0874,31429,0,0.0,0,0.0,True,Three-phase current phasor magnitude (Amperes RMS). Direct physical indicator of line loading and fault current.
R4-PM12:I,Physical electrical measurement,float64,"[11.719, 9.7048, 10.071]",0.0,715.8279,9.0732,45.9986,4729,0,0.0,0,0.0,True,Three-phase current phasor magnitude (Amperes RMS). Direct physical indicator of line loading and fault current.
R4:F,Physical electrical measurement,float64,"[59.999, 60.005, 60.003]",0.0,62.226,59.9927,0.61,561,0,0.0,0,0.0,True,System electrical frequency (Hz) or ROCOF (Hz/s). Fundamental power system state variable governed by generator-load balance.
R4:DF,Physical electrical measurement,float64,"[0.01, 0.0, 1.36]",-3.46,3.15,0.0006,0.0873,405,0,0.0,0,0.0,True,System electrical frequency (Hz) or ROCOF (Hz/s). Fundamental power system state variable governed by generator-load balance.
R4-PA:Z,Physical electrical measurement,float64,"[6.3418, 8.1413, 8.1628]",0.0068,10359.4885,11.3267,41.9495,75585,0,0.0,2789,3.558,False,Calculated apparent impedance magnitude (V/I). Contains infinite values (inf) when current drops to zero during breaker trip. Raw V and I magnitudes are preferable.
R4-PA:ZH,Physical electrical measurement,float64,"[0.0779, 0.0272, 0.0267]",-3.0937,3.1067,0.0166,0.248,75572,0,0.0,0,0.0,False,Calculated apparent impedance magnitude (V/I). Contains infinite values (inf) when current drops to zero during breaker trip. Raw V and I magnitudes are preferable.
R4:S,System state,float64,"[0.0, 2058.0, 2048.0]",-45.9983,270336.0,749.0145,14041.1709,12,0,0.0,0,0.0,False,"Digital relay Status word / bitmask (breaker open/close state, trip status). Discrete system state; discrete jumps and occasional data acquisition corruption (e.g. data4)."
control_panel_log1,Control/actuator measurement,int64,"[0, 1]",0.0,1.0,0.0,0.0062,2,0,0.0,0,0.0,False,"Operator control panel log / SCADA event log. Extremely sparse (almost entirely 0), represents manual/operator action rather than grid state; risk of post-event logging leakage."
control_panel_log2,Control/actuator measurement,int64,"[0, 1]",0.0,1.0,0.0,0.0062,2,0,0.0,0,0.0,False,"Operator control panel log / SCADA event log. Extremely sparse (almost entirely 0), represents manual/operator action rather than grid state; risk of post-event logging leakage."
control_panel_log3,Control/actuator measurement,int64,"[0, 1]",0.0,1.0,0.0,0.0051,2,0,0.0,0,0.0,False,"Operator control panel log / SCADA event log. Extremely sparse (almost entirely 0), represents manual/operator action rather than grid state; risk of post-event logging leakage."
control_panel_log4,Control/actuator measurement,int64,"[0, 1]",0.0,1.0,0.0,0.0051,2,0,0.0,0,0.0,False,"Operator control panel log / SCADA event log. Extremely sparse (almost entirely 0), represents manual/operator action rather than grid state; risk of post-event logging leakage."
relay1_log,Relay/protection measurement,int64,"[0, 1]",0.0,1.0,0.0359,0.1861,2,0,0.0,0,0.0,False,Discrete relay event/trip log flag. Binary trip indicator logged post-fault. Highly correlated with breaker tripping; potential leakage for pre-fault anomaly detection.
relay2_log,Relay/protection measurement,int64,"[0, 1]",0.0,1.0,0.0264,0.1604,2,0,0.0,0,0.0,False,Discrete relay event/trip log flag. Binary trip indicator logged post-fault. Highly correlated with breaker tripping; potential leakage for pre-fault anomaly detection.
relay3_log,Relay/protection measurement,int64,"[0, 1]",0.0,1.0,0.0265,0.1606,2,0,0.0,0,0.0,False,Discrete relay event/trip log flag. Binary trip indicator logged post-fault. Highly correlated with breaker tripping; potential leakage for pre-fault anomaly detection.
relay4_log,Relay/protection measurement,int64,"[0, 1]",0.0,1.0,0.0356,0.1853,2,0,0.0,0,0.0,False,Discrete relay event/trip log flag. Binary trip indicator logged post-fault. Highly correlated with breaker tripping; potential leakage for pre-fault anomaly detection.
snort_log1,Network/security/logging information,int64,"[0, 1]",0.0,1.0,0.0001,0.0071,2,0,0.0,0,0.0,False,"Network Intrusion Detection System (Snort IDS) signature alert. Cyber security alert metadata, not physical smart-grid process telemetry. Must not be used for unsupervised physical anomaly detection."
snort_log2,Network/security/logging information,int64,"[0, 1]",0.0,1.0,0.0001,0.0071,2,0,0.0,0,0.0,False,"Network Intrusion Detection System (Snort IDS) signature alert. Cyber security alert metadata, not physical smart-grid process telemetry. Must not be used for unsupervised physical anomaly detection."
snort_log3,Network/security/logging information,int64,"[0, 1]",0.0,1.0,0.0001,0.0095,2,0,0.0,0,0.0,False,"Network Intrusion Detection System (Snort IDS) signature alert. Cyber security alert metadata, not physical smart-grid process telemetry. Must not be used for unsupervised physical anomaly detection."
snort_log4,Network/security/logging information,int64,"[0, 1]",0.0,1.0,0.0001,0.0087,2,0,0.0,0,0.0,False,"Network Intrusion Detection System (Snort IDS) signature alert. Cyber security alert metadata, not physical smart-grid process telemetry. Must not be used for unsupervised physical anomaly detection."
marker,Event/attack label,str,"['NoEvents', 'Attack', 'Natural']",,,,,3,0,0.0,0,0.0,False,Ground-truth event/attack target label. Strictly evaluation-only; using as input would constitute direct label leakage.
